trainCorpus	testCorpus	model	split	precision	recall	f1	f1macro
europolis	europolis	bert-europarl-adapt	split0	0.79	0.58	0.67	0.74
cmv	cmv	bert-europarl-adapt	split0	0.77	0.68	0.72	0.79
regroom	regroom	bert-europarl-adapt	split0	0.92	0.91	0.91	0.92
mixed	cmv	bert-europarl-adapt	split0	0.81	0.84	0.82	0.86
mixed	europolis	bert-europarl-adapt	split0	0.7	0.73	0.72	0.75
mixed	regroom	bert-europarl-adapt	split0	0.91	0.92	0.91	0.92
europolis	regroom	bert-europarl-adapt	split0	0.68	0.2	0.31	0.52
europolis	cmv	bert-europarl-adapt	split0	0.55	0.48	0.51	0.63
regroom	cmv	bert-europarl-adapt	split0	0.75	0.24	0.36	0.58
regroom	europolis	bert-europarl-adapt	split0	0.64	0.1	0.17	0.45
cmv	regroom	bert-europarl-adapt	split0	0.93	0.89	0.91	0.92
cmv	europolis	bert-europarl-adapt	split0	0.67	0.37	0.47	0.61
2vs1	cmv	bert-europarl-adapt	split0	0.79	0.88	0.83	0.86
2vs1	europolis	bert-europarl-adapt	split0	0.57	0.34	0.42	0.57
2vs1	regroom	bert-europarl-adapt	split0	0.82	0.86	0.84	0.85
europolis	europolis	bert-europarl-adapt	split1	0.62	0.77	0.69	0.76
cmv	cmv	bert-europarl-adapt	split1	0.93	0.56	0.7	0.79
regroom	regroom	bert-europarl-adapt	split1	0.61	0.31	0.41	0.56
mixed	cmv	bert-europarl-adapt	split1	0.88	0.84	0.86	0.89
mixed	europolis	bert-europarl-adapt	split1	0.67	0.66	0.67	0.76
mixed	regroom	bert-europarl-adapt	split1	0.95	0.92	0.93	0.94
europolis	regroom	bert-europarl-adapt	split1	0.74	0.27	0.4	0.58
europolis	cmv	bert-europarl-adapt	split1	0.32	0.36	0.34	0.46
regroom	cmv	bert-europarl-adapt	split1	0.27	0.16	0.2	0.43
regroom	europolis	bert-europarl-adapt	split1	0.57	0.08	0.13	0.47
cmv	regroom	bert-europarl-adapt	split1	0.97	0.95	0.96	0.96
cmv	europolis	bert-europarl-adapt	split1	0.55	0.4	0.46	0.63
2vs1	cmv	bert-europarl-adapt	split1	0.79	0.88	0.83	0.86
2vs1	europolis	bert-europarl-adapt	split1	0.61	0.38	0.47	0.64
2vs1	regroom	bert-europarl-adapt	split1	0.92	0.95	0.94	0.94
europolis	europolis	bert-europarl-adapt	split2	0.58	0.84	0.69	0.77
cmv	cmv	bert-europarl-adapt	split2	0.77	0.74	0.76	0.82
regroom	regroom	bert-europarl-adapt	split2	0.9	0.97	0.93	0.94
mixed	cmv	bert-europarl-adapt	split2	0.87	0.87	0.87	0.9
mixed	europolis	bert-europarl-adapt	split2	0.7	0.64	0.67	0.78
mixed	regroom	bert-europarl-adapt	split2	0.96	0.93	0.95	0.96
europolis	regroom	bert-europarl-adapt	split2	0.93	0.22	0.36	0.58
europolis	cmv	bert-europarl-adapt	split2	0.38	0.61	0.47	0.52
regroom	cmv	bert-europarl-adapt	split2	0.53	0.39	0.45	0.61
regroom	europolis	bert-europarl-adapt	split2	0.64	0.16	0.25	0.56
cmv	regroom	bert-europarl-adapt	split2	0.93	0.91	0.92	0.94
cmv	europolis	bert-europarl-adapt	split2	0.56	0.45	0.5	0.67
2vs1	cmv	bert-europarl-adapt	split2	0.78	0.91	0.84	0.87
2vs1	europolis	bert-europarl-adapt	split2	0.53	0.41	0.46	0.65
2vs1	regroom	bert-europarl-adapt	split2	0.91	0.88	0.89	0.91
europolis	europolis	bert-europarl-adapt	split3	0.62	0.4	0.49	0.62
cmv	cmv	bert-europarl-adapt	split3	0.77	0.74	0.75	0.8
regroom	regroom	bert-europarl-adapt	split3	0.91	0.91	0.91	0.93
mixed	cmv	bert-europarl-adapt	split3	0.86	0.7	0.78	0.82
mixed	europolis	bert-europarl-adapt	split3	0.72	0.35	0.47	0.63
mixed	regroom	bert-europarl-adapt	split3	0.92	0.79	0.85	0.88
europolis	regroom	bert-europarl-adapt	split3	0.89	0.3	0.45	0.63
europolis	cmv	bert-europarl-adapt	split3	0.57	0.63	0.6	0.65
regroom	cmv	bert-europarl-adapt	split3	0.62	0.3	0.4	0.57
regroom	europolis	bert-europarl-adapt	split3	0.9	0.14	0.24	0.51
cmv	regroom	bert-europarl-adapt	split3	0.93	0.89	0.91	0.93
cmv	europolis	bert-europarl-adapt	split3	0.62	0.49	0.55	0.65
2vs1	cmv	bert-europarl-adapt	split3	0.71	0.74	0.73	0.77
2vs1	europolis	bert-europarl-adapt	split3	0.72	0.51	0.59	0.7
2vs1	regroom	bert-europarl-adapt	split3	0.82	0.89	0.86	0.88
europolis	europolis	bert-europarl-adapt	split4	0.67	0.2	0.31	0.55
cmv	cmv	bert-europarl-adapt	split4	0.61	0.83	0.7	0.74
regroom	regroom	bert-europarl-adapt	split4	0.0	0.0	0.0	0.36
mixed	cmv	bert-europarl-adapt	split4	0.66	0.79	0.72	0.77
mixed	europolis	bert-europarl-adapt	split4	0.62	0.83	0.71	0.75
mixed	regroom	bert-europarl-adapt	split4	0.91	0.95	0.93	0.94
europolis	regroom	bert-europarl-adapt	split4	0.68	0.24	0.36	0.55
europolis	cmv	bert-europarl-adapt	split4	0.3	0.46	0.36	0.42
regroom	cmv	bert-europarl-adapt	split4	0.32	0.25	0.28	0.47
regroom	europolis	bert-europarl-adapt	split4	0.57	0.07	0.12	0.45
cmv	regroom	bert-europarl-adapt	split4	0.92	0.9	0.91	0.92
cmv	europolis	bert-europarl-adapt	split4	0.57	0.52	0.54	0.66
2vs1	cmv	bert-europarl-adapt	split4	0.72	0.88	0.79	0.83
2vs1	europolis	bert-europarl-adapt	split4	0.62	0.47	0.53	0.66
2vs1	regroom	bert-europarl-adapt	split4	0.86	0.89	0.87	0.89
europolis	europolis	bert-europarl-adapt	split5	0.47	0.25	0.33	0.54
cmv	cmv	bert-europarl-adapt	split5	0.77	0.88	0.82	0.85
regroom	regroom	bert-europarl-adapt	split5	0.95	0.35	0.51	0.66
mixed	cmv	bert-europarl-adapt	split5	0.89	0.96	0.93	0.94
mixed	europolis	bert-europarl-adapt	split5	0.66	0.81	0.73	0.78
mixed	regroom	bert-europarl-adapt	split5	0.9	0.92	0.91	0.92
europolis	regroom	bert-europarl-adapt	split5	0.71	0.25	0.37	0.56
europolis	cmv	bert-europarl-adapt	split5	0.53	0.73	0.61	0.64
regroom	cmv	bert-europarl-adapt	split5	0.57	0.31	0.4	0.57
regroom	europolis	bert-europarl-adapt	split5	0.73	0.14	0.23	0.51
cmv	regroom	bert-europarl-adapt	split5	0.95	0.88	0.91	0.93
cmv	europolis	bert-europarl-adapt	split5	0.53	0.49	0.51	0.63
2vs1	cmv	bert-europarl-adapt	split5	0.81	0.85	0.83	0.86
2vs1	europolis	bert-europarl-adapt	split5	0.64	0.46	0.53	0.67
2vs1	regroom	bert-europarl-adapt	split5	0.89	0.92	0.9	0.92
europolis	europolis	bert-europarl-adapt	split6	0.71	0.66	0.69	0.75
cmv	cmv	bert-europarl-adapt	split6	0.74	0.81	0.77	0.83
regroom	regroom	bert-europarl-adapt	split6	0.91	0.69	0.79	0.83
mixed	cmv	bert-europarl-adapt	split6	0.74	0.67	0.7	0.79
mixed	europolis	bert-europarl-adapt	split6	0.64	0.76	0.7	0.73
mixed	regroom	bert-europarl-adapt	split6	0.91	0.87	0.89	0.91
europolis	regroom	bert-europarl-adapt	split6	0.79	0.25	0.38	0.57
europolis	cmv	bert-europarl-adapt	split6	0.44	0.76	0.56	0.62
regroom	cmv	bert-europarl-adapt	split6	0.47	0.43	0.45	0.61
regroom	europolis	bert-europarl-adapt	split6	0.53	0.12	0.19	0.47
cmv	regroom	bert-europarl-adapt	split6	0.92	0.89	0.9	0.91
cmv	europolis	bert-europarl-adapt	split6	0.65	0.47	0.55	0.65
2vs1	cmv	bert-europarl-adapt	split6	0.62	0.71	0.67	0.75
2vs1	europolis	bert-europarl-adapt	split6	0.7	0.44	0.54	0.66
2vs1	regroom	bert-europarl-adapt	split6	0.82	0.84	0.83	0.85
europolis	europolis	bert-europarl-adapt	split7	0.64	0.65	0.65	0.72
cmv	cmv	bert-europarl-adapt	split7	0.59	0.4	0.48	0.62
regroom	regroom	bert-europarl-adapt	split7	0.42	0.15	0.23	0.49
mixed	cmv	bert-europarl-adapt	split7	0.7	0.84	0.76	0.8
mixed	europolis	bert-europarl-adapt	split7	0.72	0.76	0.74	0.79
mixed	regroom	bert-europarl-adapt	split7	0.86	0.94	0.9	0.92
europolis	regroom	bert-europarl-adapt	split7	0.5	0.15	0.24	0.5
europolis	cmv	bert-europarl-adapt	split7	0.53	0.72	0.61	0.66
regroom	cmv	bert-europarl-adapt	split7	0.44	0.28	0.34	0.53
regroom	europolis	bert-europarl-adapt	split7	0.75	0.1	0.17	0.47
cmv	regroom	bert-europarl-adapt	split7	0.88	0.88	0.88	0.91
cmv	europolis	bert-europarl-adapt	split7	0.67	0.46	0.55	0.67
2vs1	cmv	bert-europarl-adapt	split7	0.76	0.76	0.76	0.81
2vs1	europolis	bert-europarl-adapt	split7	0.76	0.41	0.54	0.68
2vs1	regroom	bert-europarl-adapt	split7	0.83	0.87	0.85	0.88
europolis	europolis	bert-europarl-adapt	split8	0.69	0.15	0.25	0.52
cmv	cmv	bert-europarl-adapt	split8	0.79	0.87	0.83	0.84
regroom	regroom	bert-europarl-adapt	split8	0.6	0.92	0.72	0.72
mixed	cmv	bert-europarl-adapt	split8	0.9	0.84	0.87	0.88
mixed	europolis	bert-europarl-adapt	split8	0.74	0.7	0.72	0.78
mixed	regroom	bert-europarl-adapt	split8	0.92	0.97	0.94	0.95
europolis	regroom	bert-europarl-adapt	split8	0.56	0.17	0.26	0.5
europolis	cmv	bert-europarl-adapt	split8	0.67	0.71	0.69	0.7
regroom	cmv	bert-europarl-adapt	split8	0.64	0.23	0.33	0.52
regroom	europolis	bert-europarl-adapt	split8	0.78	0.12	0.2	0.5
cmv	regroom	bert-europarl-adapt	split8	0.93	0.9	0.91	0.93
cmv	europolis	bert-europarl-adapt	split8	0.7	0.47	0.56	0.69
2vs1	cmv	bert-europarl-adapt	split8	0.87	0.84	0.85	0.87
2vs1	europolis	bert-europarl-adapt	split8	0.74	0.43	0.55	0.69
2vs1	regroom	bert-europarl-adapt	split8	0.93	0.86	0.89	0.91
europolis	europolis	bert-europarl-adapt	split9	0.43	0.33	0.37	0.54
cmv	cmv	bert-europarl-adapt	split9	0.93	0.93	0.93	0.94
regroom	regroom	bert-europarl-adapt	split9	0.92	0.89	0.9	0.92
mixed	cmv	bert-europarl-adapt	split9	0.85	0.82	0.84	0.86
mixed	europolis	bert-europarl-adapt	split9	0.67	0.7	0.69	0.75
mixed	regroom	bert-europarl-adapt	split9	0.91	0.92	0.91	0.92
europolis	regroom	bert-europarl-adapt	split9	0.71	0.27	0.39	0.56
europolis	cmv	bert-europarl-adapt	split9	0.53	0.61	0.57	0.61
regroom	cmv	bert-europarl-adapt	split9	0.58	0.39	0.47	0.59
regroom	europolis	bert-europarl-adapt	split9	0.75	0.1	0.17	0.48
cmv	regroom	bert-europarl-adapt	split9	0.89	0.88	0.88	0.89
cmv	europolis	bert-europarl-adapt	split9	0.66	0.38	0.48	0.64
2vs1	cmv	bert-europarl-adapt	split9	0.77	0.86	0.81	0.84
2vs1	europolis	bert-europarl-adapt	split9	0.71	0.39	0.51	0.66
2vs1	regroom	bert-europarl-adapt	split9	0.92	0.91	0.91	0.92
europolis	europolis	bert-argue-adapt	split0	0.83	0.07	0.13	0.44
cmv	cmv	bert-argue-adapt	split0	0.61	0.8	0.69	0.73
regroom	regroom	bert-argue-adapt	split0	0.85	0.91	0.88	0.89
mixed	cmv	bert-argue-adapt	split0	0.81	0.88	0.85	0.88
mixed	europolis	bert-argue-adapt	split0	0.7	0.59	0.64	0.71
mixed	regroom	bert-argue-adapt	split0	0.92	0.92	0.92	0.93
europolis	regroom	bert-argue-adapt	split0	0.89	0.5	0.64	0.73
europolis	cmv	bert-argue-adapt	split0	0.65	0.68	0.67	0.73
regroom	cmv	bert-argue-adapt	split0	0.75	0.96	0.84	0.86
regroom	europolis	bert-argue-adapt	split0	0.63	0.54	0.58	0.66
cmv	regroom	bert-argue-adapt	split0	0.88	0.8	0.84	0.86
cmv	europolis	bert-argue-adapt	split0	0.61	0.27	0.37	0.55
2vs1	cmv	bert-argue-adapt	split0	0.7	0.28	0.4	0.6
2vs1	europolis	bert-argue-adapt	split0	0.57	0.38	0.46	0.58
2vs1	regroom	bert-argue-adapt	split0	0.5	0.02	0.03	0.37
europolis	europolis	bert-argue-adapt	split1	0.64	0.72	0.68	0.76
cmv	cmv	bert-argue-adapt	split1	0.41	0.28	0.33	0.52
regroom	regroom	bert-argue-adapt	split1	0.91	0.98	0.95	0.95
mixed	cmv	bert-argue-adapt	split1	0.67	0.8	0.73	0.77
mixed	europolis	bert-argue-adapt	split1	0.62	0.68	0.65	0.74
mixed	regroom	bert-argue-adapt	split1	0.97	0.95	0.96	0.96
europolis	regroom	bert-argue-adapt	split1	0.93	0.6	0.73	0.79
europolis	cmv	bert-argue-adapt	split1	0.41	0.44	0.42	0.53
regroom	cmv	bert-argue-adapt	split1	0.63	0.96	0.76	0.78
regroom	europolis	bert-argue-adapt	split1	0.54	0.62	0.58	0.68
cmv	regroom	bert-argue-adapt	split1	0.97	0.9	0.93	0.94
cmv	europolis	bert-argue-adapt	split1	0.47	0.28	0.35	0.57
2vs1	cmv	bert-argue-adapt	split1	0.27	0.16	0.2	0.43
2vs1	europolis	bert-argue-adapt	split1	0.54	0.53	0.53	0.66
2vs1	regroom	bert-argue-adapt	split1	1.0	0.03	0.06	0.4
europolis	europolis	bert-argue-adapt	split2	0.86	0.14	0.24	0.55
cmv	cmv	bert-argue-adapt	split2	0.68	0.57	0.62	0.72
regroom	regroom	bert-argue-adapt	split2	0.73	0.19	0.3	0.53
mixed	cmv	bert-argue-adapt	split2	0.81	0.74	0.77	0.83
mixed	europolis	bert-argue-adapt	split2	0.63	0.59	0.61	0.74
mixed	regroom	bert-argue-adapt	split2	0.95	0.93	0.94	0.95
europolis	regroom	bert-argue-adapt	split2	0.97	0.55	0.7	0.78
europolis	cmv	bert-argue-adapt	split2	0.7	0.83	0.76	0.81
regroom	cmv	bert-argue-adapt	split2	0.67	0.96	0.79	0.82
regroom	europolis	bert-argue-adapt	split2	0.48	0.61	0.54	0.67
cmv	regroom	bert-argue-adapt	split2	0.91	0.84	0.88	0.9
cmv	europolis	bert-argue-adapt	split2	0.41	0.25	0.31	0.56
2vs1	cmv	bert-argue-adapt	split2	0.5	0.39	0.44	0.6
2vs1	europolis	bert-argue-adapt	split2	0.52	0.55	0.53	0.68
2vs1	regroom	bert-argue-adapt	split2	1.0	0.03	0.07	0.41
europolis	europolis	bert-argue-adapt	split3	1.0	0.11	0.19	0.49
cmv	cmv	bert-argue-adapt	split3	0.85	0.63	0.72	0.79
regroom	regroom	bert-argue-adapt	split3	0.83	0.96	0.89	0.91
mixed	cmv	bert-argue-adapt	split3	0.88	0.78	0.82	0.86
mixed	europolis	bert-argue-adapt	split3	0.72	0.82	0.76	0.8
mixed	regroom	bert-argue-adapt	split3	0.96	0.88	0.92	0.93
europolis	regroom	bert-argue-adapt	split3	0.97	0.51	0.67	0.76
europolis	cmv	bert-argue-adapt	split3	0.68	0.7	0.69	0.74
regroom	cmv	bert-argue-adapt	split3	0.75	0.89	0.81	0.84
regroom	europolis	bert-argue-adapt	split3	0.67	0.68	0.67	0.73
cmv	regroom	bert-argue-adapt	split3	0.87	0.7	0.78	0.83
cmv	europolis	bert-argue-adapt	split3	0.59	0.29	0.39	0.57
2vs1	cmv	bert-argue-adapt	split3	0.62	0.3	0.4	0.57
2vs1	europolis	bert-argue-adapt	split3	0.64	0.55	0.6	0.69
2vs1	regroom	bert-argue-adapt	split3	1.0	0.04	0.07	0.41
europolis	europolis	bert-argue-adapt	split4	0.5	0.03	0.06	0.42
cmv	cmv	bert-argue-adapt	split4	0.72	0.75	0.73	0.79
regroom	regroom	bert-argue-adapt	split4	0.37	0.5	0.43	0.43
mixed	cmv	bert-argue-adapt	split4	0.63	0.92	0.75	0.78
mixed	europolis	bert-argue-adapt	split4	0.62	0.83	0.71	0.76
mixed	regroom	bert-argue-adapt	split4	0.91	0.97	0.94	0.94
europolis	regroom	bert-argue-adapt	split4	0.9	0.6	0.72	0.78
europolis	cmv	bert-argue-adapt	split4	0.5	0.75	0.6	0.64
regroom	cmv	bert-argue-adapt	split4	0.53	0.88	0.66	0.68
regroom	europolis	bert-argue-adapt	split4	0.59	0.72	0.65	0.71
cmv	regroom	bert-argue-adapt	split4	0.92	0.89	0.9	0.92
cmv	europolis	bert-argue-adapt	split4	0.56	0.33	0.42	0.59
2vs1	cmv	bert-argue-adapt	split4	0.32	0.25	0.28	0.47
2vs1	europolis	bert-argue-adapt	split4	0.59	0.57	0.58	0.68
2vs1	regroom	bert-argue-adapt	split4	0.75	0.05	0.09	0.41
europolis	europolis	bert-argue-adapt	split5	0.53	0.42	0.47	0.62
cmv	cmv	bert-argue-adapt	split5	0.81	0.96	0.88	0.89
regroom	regroom	bert-argue-adapt	split5	0.93	0.88	0.91	0.92
mixed	cmv	bert-argue-adapt	split5	0.82	0.88	0.85	0.88
mixed	europolis	bert-argue-adapt	split5	0.66	0.75	0.7	0.76
mixed	regroom	bert-argue-adapt	split5	0.93	0.92	0.92	0.94
europolis	regroom	bert-argue-adapt	split5	0.97	0.5	0.66	0.75
europolis	cmv	bert-argue-adapt	split5	0.53	0.62	0.57	0.64
regroom	cmv	bert-argue-adapt	split5	0.74	0.89	0.81	0.83
regroom	europolis	bert-argue-adapt	split5	0.57	0.63	0.6	0.68
cmv	regroom	bert-argue-adapt	split5	0.93	0.87	0.9	0.91
cmv	europolis	bert-argue-adapt	split5	0.56	0.41	0.47	0.62
2vs1	cmv	bert-argue-adapt	split5	0.53	0.31	0.39	0.56
2vs1	europolis	bert-argue-adapt	split5	0.55	0.54	0.55	0.65
2vs1	regroom	bert-argue-adapt	split5	1.0	0.02	0.03	0.39
europolis	europolis	bert-argue-adapt	split6	0.55	0.62	0.58	0.63
cmv	cmv	bert-argue-adapt	split6	0.75	0.71	0.73	0.81
regroom	regroom	bert-argue-adapt	split6	0.88	0.34	0.49	0.64
mixed	cmv	bert-argue-adapt	split6	0.76	0.76	0.76	0.83
mixed	europolis	bert-argue-adapt	split6	0.7	0.56	0.62	0.71
mixed	regroom	bert-argue-adapt	split6	0.92	0.93	0.93	0.94
europolis	regroom	bert-argue-adapt	split6	0.94	0.51	0.66	0.75
europolis	cmv	bert-argue-adapt	split6	0.47	0.76	0.58	0.65
regroom	cmv	bert-argue-adapt	split6	0.52	0.76	0.62	0.69
regroom	europolis	bert-argue-adapt	split6	0.58	0.59	0.58	0.65
cmv	regroom	bert-argue-adapt	split6	0.92	0.89	0.9	0.91
cmv	europolis	bert-argue-adapt	split6	0.58	0.31	0.4	0.57
2vs1	cmv	bert-argue-adapt	split6	0.48	0.48	0.48	0.62
2vs1	europolis	bert-argue-adapt	split6	0.57	0.44	0.5	0.61
2vs1	regroom	bert-argue-adapt	split6	1.0	0.03	0.06	0.4
europolis	europolis	bert-argue-adapt	split7	1.0	0.08	0.15	0.47
cmv	cmv	bert-argue-adapt	split7	0.65	0.44	0.52	0.66
regroom	regroom	bert-argue-adapt	split7	0.82	0.87	0.84	0.87
mixed	cmv	bert-argue-adapt	split7	0.77	0.68	0.72	0.79
mixed	europolis	bert-argue-adapt	split7	0.68	0.78	0.73	0.77
mixed	regroom	bert-argue-adapt	split7	0.85	0.9	0.88	0.9
europolis	regroom	bert-argue-adapt	split7	0.86	0.46	0.6	0.72
europolis	cmv	bert-argue-adapt	split7	0.54	0.6	0.57	0.64
regroom	cmv	bert-argue-adapt	split7	0.63	0.88	0.73	0.76
regroom	europolis	bert-argue-adapt	split7	0.6	0.65	0.63	0.7
cmv	regroom	bert-argue-adapt	split7	0.89	0.9	0.9	0.92
cmv	europolis	bert-argue-adapt	split7	0.72	0.37	0.48	0.64
2vs1	cmv	bert-argue-adapt	split7	0.44	0.32	0.37	0.54
2vs1	europolis	bert-argue-adapt	split7	0.66	0.52	0.58	0.69
2vs1	regroom	bert-argue-adapt	split7	1.0	0.04	0.07	0.43
europolis	europolis	bert-argue-adapt	split8	0.67	0.2	0.31	0.55
cmv	cmv	bert-argue-adapt	split8	0.75	0.77	0.76	0.78
regroom	regroom	bert-argue-adapt	split8	0.84	0.9	0.87	0.89
mixed	cmv	bert-argue-adapt	split8	0.88	0.74	0.81	0.83
mixed	europolis	bert-argue-adapt	split8	0.63	0.75	0.69	0.75
mixed	regroom	bert-argue-adapt	split8	0.93	0.92	0.92	0.94
europolis	regroom	bert-argue-adapt	split8	0.92	0.41	0.56	0.69
europolis	cmv	bert-argue-adapt	split8	0.8	0.65	0.71	0.76
regroom	cmv	bert-argue-adapt	split8	0.78	0.94	0.85	0.85
regroom	europolis	bert-argue-adapt	split8	0.65	0.62	0.63	0.72
cmv	regroom	bert-argue-adapt	split8	0.96	0.81	0.88	0.9
cmv	europolis	bert-argue-adapt	split8	0.82	0.45	0.58	0.71
2vs1	cmv	bert-argue-adapt	split8	0.69	0.29	0.41	0.56
2vs1	europolis	bert-argue-adapt	split8	0.67	0.55	0.61	0.71
2vs1	regroom	bert-argue-adapt	split8	0.0	0.0	0.0	0.37
europolis	europolis	bert-argue-adapt	split9	0.58	0.43	0.49	0.63
cmv	cmv	bert-argue-adapt	split9	0.87	0.71	0.78	0.83
regroom	regroom	bert-argue-adapt	split9	0.92	0.7	0.8	0.83
mixed	cmv	bert-argue-adapt	split9	0.95	0.75	0.84	0.87
mixed	europolis	bert-argue-adapt	split9	0.8	0.54	0.65	0.75
mixed	regroom	bert-argue-adapt	split9	0.91	0.92	0.91	0.92
europolis	regroom	bert-argue-adapt	split9	0.93	0.44	0.6	0.7
europolis	cmv	bert-argue-adapt	split9	0.71	0.86	0.77	0.79
regroom	cmv	bert-argue-adapt	split9	0.79	0.96	0.87	0.88
regroom	europolis	bert-argue-adapt	split9	0.63	0.56	0.59	0.69
cmv	regroom	bert-argue-adapt	split9	0.9	0.86	0.88	0.89
cmv	europolis	bert-argue-adapt	split9	0.59	0.26	0.36	0.57
2vs1	cmv	bert-argue-adapt	split9	0.58	0.39	0.47	0.59
2vs1	europolis	bert-argue-adapt	split9	0.64	0.46	0.53	0.66
2vs1	regroom	bert-argue-adapt	split9	0.8	0.06	0.12	0.42
europolis	europolis	bert-mixed-adapt	split0	0.83	0.07	0.13	0.44
cmv	cmv	bert-mixed-adapt	split0	0.8	0.8	0.8	0.84
regroom	regroom	bert-mixed-adapt	split0	0.86	0.94	0.9	0.9
mixed	cmv	bert-mixed-adapt	split0	0.85	0.88	0.86	0.89
mixed	europolis	bert-mixed-adapt	split0	0.76	0.62	0.68	0.74
mixed	regroom	bert-mixed-adapt	split0	0.92	0.94	0.93	0.94
europolis	regroom	bert-mixed-adapt	split0	0.68	0.44	0.53	0.63
europolis	cmv	bert-mixed-adapt	split0	0.42	0.72	0.53	0.53
regroom	cmv	bert-mixed-adapt	split0	0.72	0.92	0.81	0.83
regroom	europolis	bert-mixed-adapt	split0	0.54	0.55	0.55	0.61
cmv	regroom	bert-mixed-adapt	split0	0.91	0.78	0.84	0.86
cmv	europolis	bert-mixed-adapt	split0	0.66	0.27	0.38	0.56
2vs1	cmv	bert-mixed-adapt	split0	0.75	0.96	0.84	0.86
2vs1	europolis	bert-mixed-adapt	split0	0.59	0.42	0.49	0.6
2vs1	regroom	bert-mixed-adapt	split0	1.0	0.03	0.06	0.39
europolis	europolis	bert-mixed-adapt	split1	0.55	0.72	0.62	0.71
cmv	cmv	bert-mixed-adapt	split1	0.81	0.88	0.85	0.88
regroom	regroom	bert-mixed-adapt	split1	0.95	0.9	0.93	0.94
mixed	cmv	bert-mixed-adapt	split1	0.85	0.88	0.86	0.89
mixed	europolis	bert-mixed-adapt	split1	0.65	0.53	0.58	0.71
mixed	regroom	bert-mixed-adapt	split1	0.98	0.98	0.98	0.99
europolis	regroom	bert-mixed-adapt	split1	0.52	0.39	0.44	0.56
europolis	cmv	bert-mixed-adapt	split1	0.39	0.64	0.48	0.5
regroom	cmv	bert-mixed-adapt	split1	0.65	0.88	0.75	0.78
regroom	europolis	bert-mixed-adapt	split1	0.48	0.57	0.52	0.64
cmv	regroom	bert-mixed-adapt	split1	0.98	0.92	0.95	0.96
cmv	europolis	bert-mixed-adapt	split1	0.58	0.28	0.38	0.6
2vs1	cmv	bert-mixed-adapt	split1	0.68	1.0	0.81	0.82
2vs1	europolis	bert-mixed-adapt	split1	0.57	0.47	0.52	0.66
2vs1	regroom	bert-mixed-adapt	split1	1.0	0.03	0.06	0.4
europolis	europolis	bert-mixed-adapt	split2	0.75	0.14	0.23	0.55
cmv	cmv	bert-mixed-adapt	split2	0.78	0.91	0.84	0.87
regroom	regroom	bert-mixed-adapt	split2	0.9	0.95	0.92	0.94
mixed	cmv	bert-mixed-adapt	split2	0.84	0.7	0.76	0.83
mixed	europolis	bert-mixed-adapt	split2	0.64	0.73	0.68	0.78
mixed	regroom	bert-mixed-adapt	split2	0.96	0.93	0.95	0.96
europolis	regroom	bert-mixed-adapt	split2	0.66	0.36	0.47	0.61
europolis	cmv	bert-mixed-adapt	split2	0.34	0.65	0.45	0.46
regroom	cmv	bert-mixed-adapt	split2	0.74	0.87	0.8	0.84
regroom	europolis	bert-mixed-adapt	split2	0.53	0.64	0.58	0.7
cmv	regroom	bert-mixed-adapt	split2	0.94	0.88	0.91	0.93
cmv	europolis	bert-mixed-adapt	split2	0.52	0.27	0.36	0.6
2vs1	cmv	bert-mixed-adapt	split2	0.73	0.96	0.83	0.86
2vs1	europolis	bert-mixed-adapt	split2	0.51	0.45	0.48	0.66
2vs1	regroom	bert-mixed-adapt	split2	1.0	0.03	0.07	0.41
europolis	europolis	bert-mixed-adapt	split3	1.0	0.12	0.22	0.5
cmv	cmv	bert-mixed-adapt	split3	0.82	0.85	0.84	0.86
regroom	regroom	bert-mixed-adapt	split3	0.85	0.96	0.9	0.92
mixed	cmv	bert-mixed-adapt	split3	0.84	0.78	0.81	0.84
mixed	europolis	bert-mixed-adapt	split3	0.78	0.66	0.72	0.78
mixed	regroom	bert-mixed-adapt	split3	0.85	0.93	0.89	0.91
europolis	regroom	bert-mixed-adapt	split3	0.72	0.49	0.58	0.69
europolis	cmv	bert-mixed-adapt	split3	0.42	0.7	0.53	0.5
regroom	cmv	bert-mixed-adapt	split3	0.79	0.81	0.8	0.83
regroom	europolis	bert-mixed-adapt	split3	0.6	0.65	0.62	0.69
cmv	regroom	bert-mixed-adapt	split3	0.91	0.75	0.83	0.87
cmv	europolis	bert-mixed-adapt	split3	0.61	0.31	0.41	0.58
2vs1	cmv	bert-mixed-adapt	split3	0.77	0.89	0.83	0.85
2vs1	europolis	bert-mixed-adapt	split3	0.69	0.57	0.62	0.71
2vs1	regroom	bert-mixed-adapt	split3	1.0	0.04	0.07	0.41
europolis	europolis	bert-mixed-adapt	split4	0.6	0.05	0.09	0.44
cmv	cmv	bert-mixed-adapt	split4	0.53	0.88	0.66	0.68
regroom	regroom	bert-mixed-adapt	split4	0.87	1.0	0.93	0.94
mixed	cmv	bert-mixed-adapt	split4	0.71	0.83	0.77	0.81
mixed	europolis	bert-mixed-adapt	split4	0.68	0.73	0.7	0.77
mixed	regroom	bert-mixed-adapt	split4	0.92	0.92	0.92	0.93
europolis	regroom	bert-mixed-adapt	split4	0.65	0.42	0.51	0.62
europolis	cmv	bert-mixed-adapt	split4	0.38	0.62	0.48	0.51
regroom	cmv	bert-mixed-adapt	split4	0.61	0.96	0.74	0.76
regroom	europolis	bert-mixed-adapt	split4	0.52	0.58	0.55	0.64
cmv	regroom	bert-mixed-adapt	split4	0.94	0.82	0.88	0.9
cmv	europolis	bert-mixed-adapt	split4	0.57	0.33	0.42	0.6
2vs1	cmv	bert-mixed-adapt	split4	0.55	0.92	0.69	0.7
2vs1	europolis	bert-mixed-adapt	split4	0.55	0.53	0.54	0.65
2vs1	regroom	bert-mixed-adapt	split4	1.0	0.05	0.09	0.42
europolis	europolis	bert-mixed-adapt	split5	0.86	0.1	0.18	0.49
cmv	cmv	bert-mixed-adapt	split5	0.69	0.96	0.81	0.82
regroom	regroom	bert-mixed-adapt	split5	1.0	0.03	0.06	0.41
mixed	cmv	bert-mixed-adapt	split5	0.74	0.96	0.83	0.85
mixed	europolis	bert-mixed-adapt	split5	0.68	0.76	0.72	0.78
mixed	regroom	bert-mixed-adapt	split5	0.9	0.93	0.92	0.93
europolis	regroom	bert-mixed-adapt	split5	0.54	0.33	0.41	0.56
europolis	cmv	bert-mixed-adapt	split5	0.36	0.65	0.47	0.42
regroom	cmv	bert-mixed-adapt	split5	0.77	0.92	0.84	0.86
regroom	europolis	bert-mixed-adapt	split5	0.53	0.59	0.56	0.65
cmv	regroom	bert-mixed-adapt	split5	0.96	0.8	0.87	0.9
cmv	europolis	bert-mixed-adapt	split5	0.6	0.36	0.45	0.62
2vs1	cmv	bert-mixed-adapt	split5	0.7	1.0	0.83	0.84
2vs1	europolis	bert-mixed-adapt	split5	0.59	0.51	0.55	0.66
2vs1	regroom	bert-mixed-adapt	split5	1.0	0.02	0.03	0.39
europolis	europolis	bert-mixed-adapt	split6	0.73	0.12	0.2	0.48
cmv	cmv	bert-mixed-adapt	split6	0.71	0.81	0.76	0.82
regroom	regroom	bert-mixed-adapt	split6	0.91	0.95	0.93	0.94
mixed	cmv	bert-mixed-adapt	split6	0.67	0.76	0.71	0.78
mixed	europolis	bert-mixed-adapt	split6	0.62	0.69	0.65	0.7
mixed	regroom	bert-mixed-adapt	split6	0.94	0.95	0.94	0.95
europolis	regroom	bert-mixed-adapt	split6	0.57	0.49	0.53	0.61
europolis	cmv	bert-mixed-adapt	split6	0.3	0.57	0.39	0.45
regroom	cmv	bert-mixed-adapt	split6	0.59	0.81	0.68	0.75
regroom	europolis	bert-mixed-adapt	split6	0.63	0.62	0.62	0.69
cmv	regroom	bert-mixed-adapt	split6	0.93	0.87	0.9	0.91
cmv	europolis	bert-mixed-adapt	split6	0.61	0.28	0.38	0.57
2vs1	cmv	bert-mixed-adapt	split6	0.54	0.9	0.68	0.73
2vs1	europolis	bert-mixed-adapt	split6	0.6	0.44	0.51	0.62
2vs1	regroom	bert-mixed-adapt	split6	1.0	0.03	0.06	0.4
europolis	europolis	bert-mixed-adapt	split7	0.57	0.38	0.46	0.61
cmv	cmv	bert-mixed-adapt	split7	0.66	0.84	0.74	0.77
regroom	regroom	bert-mixed-adapt	split7	0.6	0.06	0.11	0.44
mixed	cmv	bert-mixed-adapt	split7	0.72	0.92	0.81	0.83
mixed	europolis	bert-mixed-adapt	split7	0.78	0.68	0.73	0.79
mixed	regroom	bert-mixed-adapt	split7	0.91	0.94	0.92	0.94
europolis	regroom	bert-mixed-adapt	split7	0.44	0.37	0.4	0.55
europolis	cmv	bert-mixed-adapt	split7	0.36	0.6	0.45	0.46
regroom	cmv	bert-mixed-adapt	split7	0.71	0.96	0.81	0.84
regroom	europolis	bert-mixed-adapt	split7	0.62	0.57	0.6	0.69
cmv	regroom	bert-mixed-adapt	split7	0.89	0.79	0.84	0.88
cmv	europolis	bert-mixed-adapt	split7	0.8	0.38	0.52	0.67
2vs1	cmv	bert-mixed-adapt	split7	0.67	0.96	0.79	0.81
2vs1	europolis	bert-mixed-adapt	split7	0.64	0.44	0.52	0.65
2vs1	regroom	bert-mixed-adapt	split7	1.0	0.04	0.07	0.43
europolis	europolis	bert-mixed-adapt	split8	0.72	0.6	0.65	0.74
cmv	cmv	bert-mixed-adapt	split8	0.86	0.77	0.81	0.84
regroom	regroom	bert-mixed-adapt	split8	0.54	0.32	0.4	0.56
mixed	cmv	bert-mixed-adapt	split8	0.93	0.87	0.9	0.91
mixed	europolis	bert-mixed-adapt	split8	0.75	0.65	0.7	0.77
mixed	regroom	bert-mixed-adapt	split8	0.98	0.93	0.96	0.96
europolis	regroom	bert-mixed-adapt	split8	0.49	0.39	0.43	0.55
europolis	cmv	bert-mixed-adapt	split8	0.49	0.71	0.58	0.52
regroom	cmv	bert-mixed-adapt	split8	0.82	0.9	0.86	0.87
regroom	europolis	bert-mixed-adapt	split8	0.6	0.55	0.57	0.68
cmv	regroom	bert-mixed-adapt	split8	0.98	0.75	0.85	0.88
cmv	europolis	bert-mixed-adapt	split8	0.76	0.37	0.49	0.66
2vs1	cmv	bert-mixed-adapt	split8	0.91	0.97	0.94	0.94
2vs1	europolis	bert-mixed-adapt	split8	0.69	0.52	0.59	0.7
2vs1	regroom	bert-mixed-adapt	split8	0.0	0.0	0.0	0.37
europolis	europolis	bert-mixed-adapt	split9	0.86	0.1	0.18	0.49
cmv	cmv	bert-mixed-adapt	split9	0.94	0.57	0.71	0.78
regroom	regroom	bert-mixed-adapt	split9	0.88	0.89	0.88	0.9
mixed	cmv	bert-mixed-adapt	split9	0.86	0.89	0.88	0.89
mixed	europolis	bert-mixed-adapt	split9	0.73	0.62	0.67	0.75
mixed	regroom	bert-mixed-adapt	split9	0.9	0.88	0.89	0.9
europolis	regroom	bert-mixed-adapt	split9	0.61	0.39	0.48	0.59
europolis	cmv	bert-mixed-adapt	split9	0.45	0.54	0.49	0.54
regroom	cmv	bert-mixed-adapt	split9	0.78	1.0	0.88	0.88
regroom	europolis	bert-mixed-adapt	split9	0.55	0.51	0.53	0.64
cmv	regroom	bert-mixed-adapt	split9	0.94	0.78	0.85	0.88
cmv	europolis	bert-mixed-adapt	split9	0.61	0.28	0.38	0.58
2vs1	cmv	bert-mixed-adapt	split9	0.75	0.96	0.84	0.85
2vs1	europolis	bert-mixed-adapt	split9	0.76	0.51	0.61	0.72
2vs1	regroom	bert-mixed-adapt	split9	1.0	0.06	0.12	0.42
regroom	regroom	features	split0	0.9	0.86	0.88	0.89
regroom	regroom	features	split1	0.82	0.85	0.83	0.85
regroom	regroom	features	split2	0.91	0.83	0.86	0.89
regroom	regroom	features	split3	0.74	0.7	0.72	0.77
regroom	regroom	features	split4	0.93	0.82	0.87	0.89
regroom	regroom	features	split5	0.93	0.7	0.8	0.84
regroom	regroom	features	split6	0.83	0.82	0.83	0.85
regroom	regroom	features	split7	0.82	0.79	0.8	0.85
regroom	regroom	features	split8	0.81	0.71	0.76	0.8
regroom	regroom	features	split9	0.88	0.72	0.79	0.83
regroom	regroom	BoW	split0	0.82	0.66	0.73	0.78
regroom	regroom	BoW	split1	0.81	0.63	0.71	0.77
regroom	regroom	BoW	split2	0.89	0.71	0.79	0.84
regroom	regroom	BoW	split3	0.84	0.67	0.75	0.8
regroom	regroom	BoW	split4	0.79	0.61	0.69	0.75
regroom	regroom	BoW	split5	0.85	0.57	0.68	0.76
regroom	regroom	BoW	split6	0.78	0.74	0.76	0.79
regroom	regroom	BoW	split7	0.69	0.67	0.68	0.75
regroom	regroom	BoW	split8	0.79	0.53	0.63	0.72
regroom	regroom	BoW	split9	0.8	0.56	0.66	0.73
regroom	regroom	feedforwardNN	split0	0.77	0.73	0.75	0.78
regroom	regroom	feedforwardNN	split1	0.76	0.77	0.77	0.8
regroom	regroom	feedforwardNN	split2	0.76	0.64	0.69	0.76
regroom	regroom	feedforwardNN	split3	0.76	0.67	0.71	0.77
regroom	regroom	feedforwardNN	split4	0.83	0.79	0.81	0.84
regroom	regroom	feedforwardNN	split5	0.71	0.88	0.79	0.8
regroom	regroom	feedforwardNN	split6	0.8	0.64	0.71	0.77
regroom	regroom	feedforwardNN	split7	0.78	0.67	0.72	0.79
regroom	regroom	feedforwardNN	split8	0.69	0.81	0.74	0.77
regroom	regroom	feedforwardNN	split9	0.74	0.77	0.75	0.78
regroom	regroom	BERT	split0	0.82	0.91	0.86	0.87
regroom	regroom	BERT	split1	0.91	0.95	0.93	0.94
regroom	regroom	BERT	split2	0.93	0.86	0.89	0.91
regroom	regroom	BERT	split3	0.79	0.88	0.83	0.86
regroom	regroom	BERT	split4	0.92	0.95	0.94	0.94
regroom	regroom	BERT	split5	0.87	0.92	0.89	0.91
regroom	regroom	BERT	split6	0.91	0.95	0.93	0.94
regroom	regroom	BERT	split7	0.93	0.77	0.84	0.88
regroom	regroom	BERT	split8	0.88	0.9	0.89	0.91
regroom	regroom	BERT	split9	0.85	0.98	0.91	0.92
cmv	cmv	features	split0	0.64	0.36	0.46	0.62
cmv	cmv	features	split1	0.5	0.08	0.14	0.45
cmv	cmv	features	split2	0.8	0.52	0.63	0.74
cmv	cmv	features	split3	0.78	0.26	0.39	0.58
cmv	cmv	features	split4	0.78	0.29	0.42	0.62
cmv	cmv	features	split5	0.69	0.42	0.52	0.66
cmv	cmv	features	split6	0.69	0.43	0.53	0.69
cmv	cmv	features	split7	0.73	0.32	0.44	0.62
cmv	cmv	features	split8	0.75	0.29	0.42	0.57
cmv	cmv	features	split9	0.75	0.43	0.55	0.66
cmv	cmv	BoW	split0	0.83	0.2	0.32	0.56
cmv	cmv	BoW	split1	0.5	0.16	0.24	0.5
cmv	cmv	BoW	split2	0.64	0.3	0.41	0.61
cmv	cmv	BoW	split3	0.71	0.19	0.29	0.53
cmv	cmv	BoW	split4	0.33	0.12	0.18	0.46
cmv	cmv	BoW	split5	0.67	0.23	0.34	0.56
cmv	cmv	BoW	split6	0.54	0.33	0.41	0.61
cmv	cmv	BoW	split7	0.75	0.36	0.49	0.65
cmv	cmv	BoW	split8	0.86	0.19	0.32	0.53
cmv	cmv	BoW	split9	0.83	0.36	0.5	0.65
cmv	cmv	feedforwardNN	split0	0.69	0.72	0.71	0.76
cmv	cmv	feedforwardNN	split1	0.6	0.6	0.6	0.68
cmv	cmv	feedforwardNN	split2	0.65	0.57	0.6	0.71
cmv	cmv	feedforwardNN	split3	0.49	0.67	0.56	0.59
cmv	cmv	feedforwardNN	split4	0.7	0.67	0.68	0.76
cmv	cmv	feedforwardNN	split5	0.53	0.77	0.62	0.65
cmv	cmv	feedforwardNN	split6	0.43	0.62	0.51	0.61
cmv	cmv	feedforwardNN	split7	0.3	0.12	0.17	0.44
cmv	cmv	feedforwardNN	split8	0.68	0.42	0.52	0.62
cmv	cmv	feedforwardNN	split9	0.82	0.5	0.62	0.72
cmv	cmv	BERT	split0	0.79	0.88	0.83	0.86
cmv	cmv	BERT	split1	0.86	0.76	0.81	0.85
cmv	cmv	BERT	split2	0.86	0.78	0.82	0.87
cmv	cmv	BERT	split3	0.83	0.89	0.86	0.88
cmv	cmv	BERT	split4	0.67	0.75	0.71	0.76
cmv	cmv	BERT	split5	0.82	0.88	0.85	0.88
cmv	cmv	BERT	split6	0.72	0.86	0.78	0.84
cmv	cmv	BERT	split7	0.75	0.72	0.73	0.79
cmv	cmv	BERT	split8	0.96	0.84	0.9	0.91
cmv	cmv	BERT	split9	0.88	0.79	0.83	0.86
europolis	europolis	features	split0	0.66	0.27	0.38	0.56
europolis	europolis	features	split1	0.64	0.34	0.44	0.64
europolis	europolis	features	split2	0.47	0.32	0.38	0.6
europolis	europolis	features	split3	0.85	0.35	0.5	0.66
europolis	europolis	features	split4	0.65	0.28	0.4	0.6
europolis	europolis	features	split5	0.7	0.24	0.35	0.58
europolis	europolis	features	split6	0.73	0.24	0.36	0.56
europolis	europolis	features	split7	0.93	0.21	0.34	0.57
europolis	europolis	features	split8	0.68	0.32	0.43	0.62
europolis	europolis	features	split9	0.75	0.25	0.37	0.59
europolis	europolis	BoW	split0	0.59	0.23	0.33	0.53
europolis	europolis	BoW	split1	0.79	0.28	0.42	0.63
europolis	europolis	BoW	split2	0.58	0.25	0.35	0.6
europolis	europolis	BoW	split3	0.7	0.32	0.44	0.61
europolis	europolis	BoW	split4	0.75	0.25	0.38	0.59
europolis	europolis	BoW	split5	0.67	0.2	0.31	0.56
europolis	europolis	BoW	split6	0.63	0.25	0.36	0.55
europolis	europolis	BoW	split7	0.85	0.17	0.29	0.54
europolis	europolis	BoW	split8	0.67	0.13	0.22	0.51
europolis	europolis	BoW	split9	0.52	0.21	0.3	0.53
europolis	europolis	feedforwardNN	split0	0.48	0.63	0.55	0.56
europolis	europolis	feedforwardNN	split1	0.44	0.45	0.44	0.59
europolis	europolis	feedforwardNN	split2	0.44	0.73	0.55	0.66
europolis	europolis	feedforwardNN	split3	0.65	0.55	0.6	0.69
europolis	europolis	feedforwardNN	split4	0.53	0.82	0.64	0.68
europolis	europolis	feedforwardNN	split5	0.42	0.61	0.5	0.57
europolis	europolis	feedforwardNN	split6	0.6	0.53	0.56	0.65
europolis	europolis	feedforwardNN	split7	0.57	0.76	0.65	0.69
europolis	europolis	feedforwardNN	split8	0.62	0.48	0.54	0.67
europolis	europolis	feedforwardNN	split9	0.55	0.77	0.64	0.68
europolis	europolis	BERT	split0	0.69	0.72	0.7	0.74
europolis	europolis	BERT	split1	0.67	0.57	0.61	0.73
europolis	europolis	BERT	split2	0.65	0.73	0.69	0.79
europolis	europolis	BERT	split3	0.75	0.66	0.7	0.77
europolis	europolis	BERT	split4	0.58	0.82	0.68	0.72
europolis	europolis	BERT	split5	0.64	0.8	0.71	0.76
europolis	europolis	BERT	split6	0.63	0.54	0.58	0.67
europolis	europolis	BERT	split7	0.75	0.78	0.77	0.81
europolis	europolis	BERT	split8	0.68	0.72	0.7	0.76
europolis	europolis	BERT	split9	0.83	0.08	0.15	0.47
europolis	regroom	features	split0	0.67	0.09	0.16	0.44
europolis	regroom	features	split1	0.75	0.24	0.37	0.56
europolis	regroom	features	split2	0.8	0.28	0.41	0.6
europolis	regroom	features	split3	0.91	0.18	0.29	0.54
europolis	regroom	features	split4	0.61	0.18	0.27	0.5
europolis	regroom	features	split5	0.58	0.12	0.19	0.46
europolis	regroom	features	split6	0.87	0.21	0.34	0.55
europolis	regroom	features	split7	0.8	0.23	0.36	0.58
europolis	regroom	features	split8	0.75	0.1	0.18	0.47
europolis	regroom	features	split9	0.72	0.2	0.32	0.52
europolis	regroom	BoW	split0	0.8	0.12	0.22	0.47
europolis	regroom	BoW	split1	0.88	0.11	0.2	0.47
europolis	regroom	BoW	split2	1.0	0.09	0.16	0.46
europolis	regroom	BoW	split3	0.78	0.12	0.21	0.49
europolis	regroom	BoW	split4	0.7	0.11	0.19	0.46
europolis	regroom	BoW	split5	0.88	0.12	0.21	0.48
europolis	regroom	BoW	split6	0.89	0.13	0.23	0.49
europolis	regroom	BoW	split7	0.57	0.08	0.14	0.46
europolis	regroom	BoW	split8	0.4	0.03	0.06	0.4
europolis	regroom	BoW	split9	0.77	0.16	0.26	0.5
europolis	regroom	feedforwardNN	split0	0.59	0.45	0.51	0.6
europolis	regroom	feedforwardNN	split1	0.86	0.48	0.62	0.71
europolis	regroom	feedforwardNN	split2	0.7	0.4	0.51	0.64
europolis	regroom	feedforwardNN	split3	0.56	0.32	0.4	0.57
europolis	regroom	feedforwardNN	split4	0.75	0.44	0.55	0.66
europolis	regroom	feedforwardNN	split5	0.0	0.0	0.0	0.37
europolis	regroom	feedforwardNN	split6	0.58	0.41	0.48	0.6
europolis	regroom	feedforwardNN	split7	0.86	0.35	0.49	0.66
europolis	regroom	feedforwardNN	split8	0.59	0.29	0.39	0.56
europolis	regroom	feedforwardNN	split9	0.46	0.34	0.39	0.51
europolis	regroom	BERT	split0	0.94	0.27	0.41	0.59
europolis	regroom	BERT	split1	0.88	0.24	0.38	0.57
europolis	regroom	BERT	split2	1.0	0.28	0.43	0.62
europolis	regroom	BERT	split3	0.87	0.23	0.36	0.58
europolis	regroom	BERT	split4	0.86	0.29	0.43	0.6
europolis	regroom	BERT	split5	1.0	0.25	0.4	0.6
europolis	regroom	BERT	split6	0.94	0.25	0.39	0.58
europolis	regroom	BERT	split7	0.67	0.15	0.25	0.52
europolis	regroom	BERT	split8	0.92	0.19	0.31	0.54
europolis	regroom	BERT	split9	0.93	0.22	0.35	0.56
cmv	regroom	features	split0	0.93	0.42	0.58	0.69
cmv	regroom	features	split1	1.0	0.24	0.39	0.58
cmv	regroom	features	split2	0.96	0.4	0.56	0.69
cmv	regroom	features	split3	0.89	0.28	0.43	0.61
cmv	regroom	features	split4	0.9	0.29	0.44	0.61
cmv	regroom	features	split5	0.88	0.23	0.37	0.57
cmv	regroom	features	split6	1.0	0.33	0.49	0.65
cmv	regroom	features	split7	0.83	0.37	0.51	0.67
cmv	regroom	features	split8	0.95	0.32	0.48	0.64
cmv	regroom	features	split9	1.0	0.27	0.42	0.6
cmv	regroom	BoW	split0	0.0	0.0	0.0	0.36
cmv	regroom	BoW	split1	1.0	0.03	0.06	0.4
cmv	regroom	BoW	split2	1.0	0.02	0.03	0.39
cmv	regroom	BoW	split3	1.0	0.02	0.03	0.4
cmv	regroom	BoW	split4	0.0	0.0	0.0	0.36
cmv	regroom	BoW	split5	1.0	0.02	0.03	0.39
cmv	regroom	BoW	split6	1.0	0.02	0.03	0.38
cmv	regroom	BoW	split7	0.0	0.0	0.0	0.39
cmv	regroom	BoW	split8	0.0	0.0	0.0	0.37
cmv	regroom	BoW	split9	1.0	0.03	0.06	0.39
cmv	regroom	feedforwardNN	split0	0.81	0.39	0.53	0.65
cmv	regroom	feedforwardNN	split1	0.76	0.42	0.54	0.66
cmv	regroom	feedforwardNN	split2	0.72	0.31	0.43	0.6
cmv	regroom	feedforwardNN	split3	0.55	0.54	0.55	0.63
cmv	regroom	feedforwardNN	split4	0.76	0.55	0.64	0.71
cmv	regroom	feedforwardNN	split5	0.64	0.12	0.2	0.47
cmv	regroom	feedforwardNN	split6	0.73	0.36	0.48	0.62
cmv	regroom	feedforwardNN	split7	0.36	0.6	0.45	0.47
cmv	regroom	feedforwardNN	split8	0.71	0.2	0.32	0.54
cmv	regroom	feedforwardNN	split9	0.88	0.23	0.37	0.56
cmv	regroom	BERT	split0	0.94	0.77	0.84	0.87
cmv	regroom	BERT	split1	0.96	0.87	0.92	0.93
cmv	regroom	BERT	split2	0.98	0.78	0.87	0.9
cmv	regroom	BERT	split3	0.98	0.77	0.86	0.89
cmv	regroom	BERT	split4	0.98	0.84	0.9	0.92
cmv	regroom	BERT	split5	0.96	0.8	0.87	0.9
cmv	regroom	BERT	split6	0.98	0.74	0.84	0.87
cmv	regroom	BERT	split7	0.93	0.77	0.84	0.88
cmv	regroom	BERT	split8	0.98	0.71	0.82	0.86
cmv	regroom	BERT	split9	0.94	0.78	0.85	0.88
2vs1	regroom	features	split0	1.0	0.28	0.44	0.61
2vs1	regroom	features	split1	1.0	0.29	0.45	0.62
2vs1	regroom	features	split2	1.0	0.29	0.45	0.63
2vs1	regroom	features	split3	1.0	0.19	0.32	0.56
2vs1	regroom	features	split4	1.0	0.27	0.43	0.61
2vs1	regroom	features	split5	1.0	0.18	0.31	0.54
2vs1	regroom	features	split6	1.0	0.25	0.39	0.59
2vs1	regroom	features	split7	0.93	0.27	0.42	0.62
2vs1	regroom	features	split8	1.0	0.15	0.26	0.52
2vs1	regroom	features	split9	1.0	0.23	0.38	0.57
2vs1	regroom	BoW	split0	1.0	0.05	0.09	0.41
2vs1	regroom	BoW	split1	0.83	0.08	0.15	0.44
2vs1	regroom	BoW	split2	1.0	0.07	0.13	0.45
2vs1	regroom	BoW	split3	1.0	0.07	0.13	0.45
2vs1	regroom	BoW	split4	0.8	0.06	0.12	0.43
2vs1	regroom	BoW	split5	1.0	0.1	0.18	0.47
2vs1	regroom	BoW	split6	1.0	0.07	0.12	0.43
2vs1	regroom	BoW	split7	0.75	0.06	0.11	0.45
2vs1	regroom	BoW	split8	0.5	0.02	0.03	0.39
2vs1	regroom	BoW	split9	0.83	0.08	0.14	0.44
2vs1	regroom	feedforwardNN	split0	0.67	0.38	0.48	0.6
2vs1	regroom	feedforwardNN	split1	0.78	0.45	0.57	0.68
2vs1	regroom	feedforwardNN	split2	0.77	0.47	0.58	0.69
2vs1	regroom	feedforwardNN	split3	0.76	0.33	0.46	0.63
2vs1	regroom	feedforwardNN	split4	0.8	0.63	0.7	0.76
2vs1	regroom	feedforwardNN	split5	0.79	0.45	0.57	0.69
2vs1	regroom	feedforwardNN	split6	0.69	0.39	0.5	0.63
2vs1	regroom	feedforwardNN	split7	0.77	0.52	0.62	0.73
2vs1	regroom	feedforwardNN	split8	0.85	0.56	0.67	0.75
2vs1	regroom	feedforwardNN	split9	0.78	0.28	0.41	0.58
2vs1	regroom	BERT	split0	0.96	0.8	0.87	0.89
2vs1	regroom	BERT	split1	0.98	0.84	0.9	0.92
2vs1	regroom	BERT	split2	0.96	0.79	0.87	0.9
2vs1	regroom	BERT	split3	0.96	0.77	0.85	0.89
2vs1	regroom	BERT	split4	0.92	0.76	0.83	0.86
2vs1	regroom	BERT	split5	0.98	0.75	0.85	0.88
2vs1	regroom	BERT	split6	0.92	0.79	0.85	0.88
2vs1	regroom	BERT	split7	0.93	0.77	0.84	0.88
2vs1	regroom	BERT	split8	0.98	0.71	0.82	0.86
2vs1	regroom	BERT	split9	0.94	0.73	0.82	0.86
europolis	cmv	features	split0	0.5	0.08	0.14	0.45
europolis	cmv	features	split1	0.1	0.04	0.06	0.37
europolis	cmv	features	split2	0.33	0.09	0.14	0.45
europolis	cmv	features	split3	0.71	0.19	0.29	0.53
europolis	cmv	features	split4	0.17	0.08	0.11	0.4
europolis	cmv	features	split5	0.36	0.15	0.22	0.46
europolis	cmv	features	split6	0.36	0.19	0.25	0.51
europolis	cmv	features	split7	0.29	0.08	0.12	0.43
europolis	cmv	features	split8	0.5	0.06	0.11	0.4
europolis	cmv	features	split9	0.54	0.25	0.34	0.53
europolis	cmv	BoW	split0	0.62	0.32	0.42	0.6
europolis	cmv	BoW	split1	0.29	0.2	0.24	0.45
europolis	cmv	BoW	split2	0.5	0.48	0.49	0.62
europolis	cmv	BoW	split3	0.57	0.48	0.52	0.62
europolis	cmv	BoW	split4	0.31	0.33	0.32	0.46
europolis	cmv	BoW	split5	0.61	0.42	0.5	0.63
europolis	cmv	BoW	split6	0.46	0.52	0.49	0.62
europolis	cmv	BoW	split7	0.48	0.44	0.46	0.58
europolis	cmv	BoW	split8	0.69	0.35	0.47	0.59
europolis	cmv	BoW	split9	0.59	0.46	0.52	0.62
europolis	cmv	feedforwardNN	split0	0.38	0.4	0.39	0.51
europolis	cmv	feedforwardNN	split1	0.55	0.48	0.51	0.63
europolis	cmv	feedforwardNN	split2	0.59	0.57	0.58	0.68
europolis	cmv	feedforwardNN	split3	0.5	0.48	0.49	0.58
europolis	cmv	feedforwardNN	split4	0.39	0.46	0.42	0.53
europolis	cmv	feedforwardNN	split5	0.0	0.0	0.0	0.38
europolis	cmv	feedforwardNN	split6	0.32	0.33	0.33	0.51
europolis	cmv	feedforwardNN	split7	0.43	0.36	0.39	0.54
europolis	cmv	feedforwardNN	split8	0.5	0.39	0.44	0.53
europolis	cmv	feedforwardNN	split9	0.33	0.25	0.29	0.44
europolis	cmv	BERT	split0	0.67	0.64	0.65	0.73
europolis	cmv	BERT	split1	0.54	0.56	0.55	0.64
europolis	cmv	BERT	split2	0.65	0.74	0.69	0.76
europolis	cmv	BERT	split3	0.76	0.7	0.73	0.78
europolis	cmv	BERT	split4	0.53	0.79	0.63	0.67
europolis	cmv	BERT	split5	0.59	0.73	0.66	0.7
europolis	cmv	BERT	split6	0.57	0.76	0.65	0.73
europolis	cmv	BERT	split7	0.57	0.68	0.62	0.68
europolis	cmv	BERT	split8	0.82	0.74	0.78	0.81
europolis	cmv	BERT	split9	0.69	0.79	0.73	0.76
regroom	cmv	features	split0	0.56	0.88	0.69	0.7
regroom	cmv	features	split1	0.61	0.8	0.69	0.73
regroom	cmv	features	split2	0.59	0.83	0.69	0.74
regroom	cmv	features	split3	0.63	0.81	0.71	0.73
regroom	cmv	features	split4	0.54	0.79	0.64	0.69
regroom	cmv	features	split5	0.62	0.88	0.73	0.75
regroom	cmv	features	split6	0.5	0.81	0.62	0.68
regroom	cmv	features	split7	0.5	0.64	0.56	0.62
regroom	cmv	features	split8	0.64	0.81	0.71	0.71
regroom	cmv	features	split9	0.65	0.79	0.71	0.73
regroom	cmv	BoW	split0	0.56	0.8	0.66	0.69
regroom	cmv	BoW	split1	0.46	0.76	0.58	0.59
regroom	cmv	BoW	split2	0.46	0.96	0.62	0.6
regroom	cmv	BoW	split3	0.5	0.74	0.6	0.6
regroom	cmv	BoW	split4	0.43	0.88	0.58	0.54
regroom	cmv	BoW	split5	0.5	0.88	0.64	0.62
regroom	cmv	BoW	split6	0.39	0.9	0.54	0.53
regroom	cmv	BoW	split7	0.48	0.84	0.61	0.6
regroom	cmv	BoW	split8	0.63	0.94	0.75	0.72
regroom	cmv	BoW	split9	0.55	0.82	0.66	0.65
regroom	cmv	feedforwardNN	split0	0.54	0.6	0.57	0.64
regroom	cmv	feedforwardNN	split1	0.45	0.88	0.59	0.56
regroom	cmv	feedforwardNN	split2	0.61	0.83	0.7	0.75
regroom	cmv	feedforwardNN	split3	0.61	0.7	0.66	0.7
regroom	cmv	feedforwardNN	split4	0.46	0.71	0.56	0.6
regroom	cmv	feedforwardNN	split5	0.49	0.92	0.64	0.6
regroom	cmv	feedforwardNN	split6	0.34	0.76	0.47	0.47
regroom	cmv	feedforwardNN	split7	0.45	0.68	0.54	0.57
regroom	cmv	feedforwardNN	split8	0.61	0.71	0.66	0.66
regroom	cmv	feedforwardNN	split9	0.64	0.75	0.69	0.72
regroom	cmv	BERT	split0	0.77	0.92	0.84	0.86
regroom	cmv	BERT	split1	0.66	1.0	0.79	0.81
regroom	cmv	BERT	split2	0.7	0.91	0.79	0.83
regroom	cmv	BERT	split3	0.74	0.93	0.82	0.84
regroom	cmv	BERT	split4	0.53	0.88	0.66	0.68
regroom	cmv	BERT	split5	0.74	0.96	0.83	0.85
regroom	cmv	BERT	split6	0.52	0.81	0.63	0.69
regroom	cmv	BERT	split7	0.67	0.88	0.76	0.79
regroom	cmv	BERT	split8	0.79	0.87	0.83	0.84
regroom	cmv	BERT	split9	0.82	0.96	0.89	0.9
2vs1	cmv	features	split0	0.65	0.44	0.52	0.66
2vs1	cmv	features	split1	0.76	0.52	0.62	0.72
2vs1	cmv	features	split2	0.6	0.78	0.68	0.74
2vs1	cmv	features	split3	0.87	0.48	0.62	0.72
2vs1	cmv	features	split4	0.48	0.46	0.47	0.59
2vs1	cmv	features	split5	0.71	0.65	0.68	0.75
2vs1	cmv	features	split6	0.58	0.52	0.55	0.68
2vs1	cmv	features	split7	0.62	0.6	0.61	0.7
2vs1	cmv	features	split8	0.76	0.61	0.68	0.73
2vs1	cmv	features	split9	0.65	0.54	0.59	0.67
2vs1	cmv	BoW	split0	0.62	0.52	0.57	0.67
2vs1	cmv	BoW	split1	0.42	0.44	0.43	0.55
2vs1	cmv	BoW	split2	0.47	0.7	0.56	0.62
2vs1	cmv	BoW	split3	0.62	0.67	0.64	0.7
2vs1	cmv	BoW	split4	0.42	0.62	0.5	0.55
2vs1	cmv	BoW	split5	0.59	0.62	0.6	0.68
2vs1	cmv	BoW	split6	0.45	0.71	0.56	0.63
2vs1	cmv	BoW	split7	0.45	0.56	0.5	0.57
2vs1	cmv	BoW	split8	0.68	0.61	0.64	0.69
2vs1	cmv	BoW	split9	0.53	0.57	0.55	0.61
2vs1	cmv	feedforwardNN	split0	0.53	0.68	0.6	0.65
2vs1	cmv	feedforwardNN	split1	0.65	0.44	0.52	0.66
2vs1	cmv	feedforwardNN	split2	0.48	0.52	0.5	0.61
2vs1	cmv	feedforwardNN	split3	0.62	0.67	0.64	0.7
2vs1	cmv	feedforwardNN	split4	0.49	0.75	0.59	0.63
2vs1	cmv	feedforwardNN	split5	0.55	0.69	0.61	0.66
2vs1	cmv	feedforwardNN	split6	0.46	0.52	0.49	0.62
2vs1	cmv	feedforwardNN	split7	0.5	0.48	0.49	0.6
2vs1	cmv	feedforwardNN	split8	0.67	0.65	0.66	0.69
2vs1	cmv	feedforwardNN	split9	0.62	0.57	0.59	0.66
2vs1	cmv	BERT	split0	0.65	0.6	0.63	0.71
2vs1	cmv	BERT	split1	0.71	0.68	0.69	0.76
2vs1	cmv	BERT	split2	0.77	0.74	0.76	0.82
2vs1	cmv	BERT	split3	0.8	0.74	0.77	0.81
2vs1	cmv	BERT	split4	0.59	0.79	0.68	0.73
2vs1	cmv	BERT	split5	0.81	0.85	0.83	0.86
2vs1	cmv	BERT	split6	0.63	0.81	0.71	0.77
2vs1	cmv	BERT	split7	0.77	0.68	0.72	0.79
2vs1	cmv	BERT	split8	0.81	0.68	0.74	0.77
2vs1	cmv	BERT	split9	0.77	0.82	0.79	0.82
cmv	europolis	features	split0	0.58	0.3	0.39	0.56
cmv	europolis	features	split1	0.46	0.3	0.36	0.57
cmv	europolis	features	split2	0.43	0.34	0.38	0.6
cmv	europolis	features	split3	0.71	0.46	0.56	0.68
cmv	europolis	features	split4	0.47	0.37	0.41	0.57
cmv	europolis	features	split5	0.52	0.29	0.37	0.57
cmv	europolis	features	split6	0.44	0.26	0.33	0.51
cmv	europolis	features	split7	0.52	0.25	0.34	0.54
cmv	europolis	features	split8	0.43	0.22	0.29	0.52
cmv	europolis	features	split9	0.47	0.3	0.36	0.55
cmv	europolis	BoW	split0	0.75	0.04	0.08	0.41
cmv	europolis	BoW	split1	0.0	0.0	0.0	0.41
cmv	europolis	BoW	split2	0.75	0.07	0.12	0.49
cmv	europolis	BoW	split3	1.0	0.09	0.17	0.47
cmv	europolis	BoW	split4	0.33	0.02	0.03	0.41
cmv	europolis	BoW	split5	0.67	0.03	0.06	0.43
cmv	europolis	BoW	split6	0.6	0.04	0.08	0.42
cmv	europolis	BoW	split7	0.5	0.02	0.03	0.4
cmv	europolis	BoW	split8	0.75	0.05	0.09	0.44
cmv	europolis	BoW	split9	0.8	0.07	0.12	0.45
cmv	europolis	feedforwardNN	split0	0.4	0.35	0.38	0.49
cmv	europolis	feedforwardNN	split1	0.38	0.58	0.46	0.56
cmv	europolis	feedforwardNN	split2	0.27	0.32	0.29	0.51
cmv	europolis	feedforwardNN	split3	0.36	0.68	0.47	0.41
cmv	europolis	feedforwardNN	split4	0.41	0.72	0.52	0.53
cmv	europolis	feedforwardNN	split5	0.29	0.19	0.23	0.46
cmv	europolis	feedforwardNN	split6	0.5	0.32	0.39	0.55
cmv	europolis	feedforwardNN	split7	0.38	0.65	0.48	0.48
cmv	europolis	feedforwardNN	split8	0.42	0.28	0.34	0.53
cmv	europolis	feedforwardNN	split9	0.3	0.23	0.26	0.46
cmv	europolis	BERT	split0	0.68	0.37	0.48	0.62
cmv	europolis	BERT	split1	0.46	0.34	0.39	0.58
cmv	europolis	BERT	split2	0.53	0.39	0.45	0.64
cmv	europolis	BERT	split3	0.58	0.38	0.46	0.61
cmv	europolis	BERT	split4	0.49	0.4	0.44	0.59
cmv	europolis	BERT	split5	0.55	0.49	0.52	0.64
cmv	europolis	BERT	split6	0.56	0.37	0.44	0.58
cmv	europolis	BERT	split7	0.64	0.4	0.49	0.64
cmv	europolis	BERT	split8	0.74	0.48	0.59	0.71
cmv	europolis	BERT	split9	0.61	0.33	0.43	0.6
regroom	europolis	features	split0	0.53	0.89	0.66	0.61
regroom	europolis	features	split1	0.42	0.85	0.56	0.58
regroom	europolis	features	split2	0.35	0.8	0.48	0.55
regroom	europolis	features	split3	0.5	0.89	0.64	0.61
regroom	europolis	features	split4	0.46	0.9	0.61	0.59
regroom	europolis	features	split5	0.44	0.83	0.57	0.57
regroom	europolis	features	split6	0.5	0.9	0.65	0.6
regroom	europolis	features	split7	0.5	0.89	0.64	0.62
regroom	europolis	features	split8	0.44	0.82	0.57	0.56
regroom	europolis	features	split9	0.44	0.77	0.56	0.57
regroom	europolis	BoW	split0	0.5	0.54	0.52	0.57
regroom	europolis	BoW	split1	0.43	0.55	0.48	0.6
regroom	europolis	BoW	split2	0.44	0.52	0.48	0.64
regroom	europolis	BoW	split3	0.55	0.63	0.59	0.65
regroom	europolis	BoW	split4	0.51	0.63	0.56	0.64
regroom	europolis	BoW	split5	0.52	0.61	0.56	0.65
regroom	europolis	BoW	split6	0.5	0.6	0.55	0.59
regroom	europolis	BoW	split7	0.54	0.6	0.57	0.64
regroom	europolis	BoW	split8	0.48	0.55	0.51	0.61
regroom	europolis	BoW	split9	0.41	0.51	0.46	0.55
regroom	europolis	feedforwardNN	split0	0.54	0.49	0.51	0.6
regroom	europolis	feedforwardNN	split1	0.36	0.96	0.52	0.43
regroom	europolis	feedforwardNN	split2	0.36	0.7	0.48	0.58
regroom	europolis	feedforwardNN	split3	0.46	0.74	0.56	0.56
regroom	europolis	feedforwardNN	split4	0.45	0.83	0.59	0.59
regroom	europolis	feedforwardNN	split5	0.4	0.76	0.52	0.52
regroom	europolis	feedforwardNN	split6	0.46	0.9	0.61	0.52
regroom	europolis	feedforwardNN	split7	0.44	0.84	0.58	0.54
regroom	europolis	feedforwardNN	split8	0.46	0.72	0.56	0.6
regroom	europolis	feedforwardNN	split9	0.45	0.74	0.56	0.58
regroom	europolis	BERT	split0	0.63	0.59	0.61	0.67
regroom	europolis	BERT	split1	0.58	0.62	0.6	0.7
regroom	europolis	BERT	split2	0.51	0.66	0.57	0.7
regroom	europolis	BERT	split3	0.71	0.75	0.73	0.78
regroom	europolis	BERT	split4	0.58	0.68	0.63	0.7
regroom	europolis	BERT	split5	0.59	0.63	0.61	0.69
regroom	europolis	BERT	split6	0.62	0.63	0.63	0.69
regroom	europolis	BERT	split7	0.66	0.63	0.65	0.72
regroom	europolis	BERT	split8	0.68	0.63	0.66	0.74
regroom	europolis	BERT	split9	0.66	0.61	0.63	0.72
2vs1	europolis	features	split0	0.54	0.66	0.59	0.62
2vs1	europolis	features	split1	0.44	0.68	0.53	0.61
2vs1	europolis	features	split2	0.39	0.68	0.5	0.61
2vs1	europolis	features	split3	0.55	0.78	0.65	0.67
2vs1	europolis	features	split4	0.48	0.73	0.58	0.62
2vs1	europolis	features	split5	0.46	0.66	0.55	0.61
2vs1	europolis	features	split6	0.52	0.75	0.61	0.62
2vs1	europolis	features	split7	0.53	0.68	0.6	0.65
2vs1	europolis	features	split8	0.5	0.67	0.57	0.64
2vs1	europolis	features	split9	0.46	0.64	0.54	0.6
2vs1	europolis	BoW	split0	0.57	0.17	0.26	0.49
2vs1	europolis	BoW	split1	0.5	0.13	0.21	0.51
2vs1	europolis	BoW	split2	0.57	0.18	0.28	0.56
2vs1	europolis	BoW	split3	0.8	0.25	0.38	0.58
2vs1	europolis	BoW	split4	0.59	0.17	0.26	0.52
2vs1	europolis	BoW	split5	0.65	0.19	0.29	0.54
2vs1	europolis	BoW	split6	0.61	0.21	0.31	0.53
2vs1	europolis	BoW	split7	0.54	0.11	0.18	0.47
2vs1	europolis	BoW	split8	0.79	0.18	0.3	0.55
2vs1	europolis	BoW	split9	0.67	0.16	0.26	0.53
2vs1	europolis	feedforwardNN	split0	0.47	0.83	0.6	0.52
2vs1	europolis	feedforwardNN	split1	0.44	0.83	0.57	0.61
2vs1	europolis	feedforwardNN	split2	0.33	0.73	0.45	0.53
2vs1	europolis	feedforwardNN	split3	0.49	0.72	0.58	0.6
2vs1	europolis	feedforwardNN	split4	0.43	0.8	0.56	0.55
2vs1	europolis	feedforwardNN	split5	0.45	0.76	0.56	0.59
2vs1	europolis	feedforwardNN	split6	0.51	0.56	0.53	0.6
2vs1	europolis	feedforwardNN	split7	0.41	0.62	0.49	0.53
2vs1	europolis	feedforwardNN	split8	0.42	0.78	0.55	0.54
2vs1	europolis	feedforwardNN	split9	0.43	0.74	0.55	0.56
2vs1	europolis	BERT	split0	0.61	0.44	0.51	0.62
2vs1	europolis	BERT	split1	0.54	0.51	0.52	0.66
2vs1	europolis	BERT	split2	0.52	0.52	0.52	0.68
2vs1	europolis	BERT	split3	0.68	0.62	0.65	0.72
2vs1	europolis	BERT	split4	0.55	0.57	0.56	0.65
2vs1	europolis	BERT	split5	0.58	0.56	0.57	0.67
2vs1	europolis	BERT	split6	0.57	0.51	0.54	0.63
2vs1	europolis	BERT	split7	0.66	0.52	0.58	0.69
2vs1	europolis	BERT	split8	0.68	0.57	0.62	0.72
2vs1	europolis	BERT	split9	0.67	0.49	0.57	0.68
mixed	regroom	features	split0	0.92	0.73	0.82	0.85
mixed	regroom	features	split1	0.94	0.77	0.85	0.88
mixed	regroom	features	split2	0.94	0.76	0.84	0.87
mixed	regroom	features	split3	0.84	0.67	0.75	0.8
mixed	regroom	features	split4	0.93	0.61	0.74	0.8
mixed	regroom	features	split5	0.95	0.62	0.75	0.81
mixed	regroom	features	split6	0.96	0.72	0.82	0.86
mixed	regroom	features	split7	0.88	0.71	0.79	0.84
mixed	regroom	features	split8	0.84	0.63	0.72	0.78
mixed	regroom	features	split9	0.98	0.69	0.81	0.85
mixed	regroom	BoW	split0	0.89	0.48	0.63	0.72
mixed	regroom	BoW	split1	0.9	0.56	0.69	0.76
mixed	regroom	BoW	split2	0.89	0.59	0.71	0.78
mixed	regroom	BoW	split3	0.94	0.51	0.66	0.76
mixed	regroom	BoW	split4	0.84	0.52	0.64	0.73
mixed	regroom	BoW	split5	0.93	0.47	0.62	0.73
mixed	regroom	BoW	split6	0.82	0.54	0.65	0.73
mixed	regroom	BoW	split7	0.7	0.5	0.58	0.7
mixed	regroom	BoW	split8	0.85	0.39	0.53	0.67
mixed	regroom	BoW	split9	0.88	0.44	0.58	0.69
mixed	regroom	feedforwardNN	split0	0.71	0.62	0.67	0.72
mixed	regroom	feedforwardNN	split1	0.82	0.65	0.72	0.77
mixed	regroom	feedforwardNN	split2	0.69	0.72	0.71	0.75
mixed	regroom	feedforwardNN	split3	0.72	0.58	0.64	0.72
mixed	regroom	feedforwardNN	split4	0.72	0.85	0.78	0.79
mixed	regroom	feedforwardNN	split5	0.73	0.77	0.75	0.78
mixed	regroom	feedforwardNN	split6	0.79	0.61	0.69	0.75
mixed	regroom	feedforwardNN	split7	0.69	0.65	0.67	0.75
mixed	regroom	feedforwardNN	split8	0.77	0.69	0.73	0.78
mixed	regroom	feedforwardNN	split9	0.79	0.59	0.68	0.74
mixed	regroom	BERT	split0	0.92	0.92	0.92	0.93
mixed	regroom	BERT	split1	0.95	0.95	0.95	0.96
mixed	regroom	BERT	split2	0.95	0.95	0.95	0.96
mixed	regroom	BERT	split3	0.88	0.89	0.89	0.91
mixed	regroom	BERT	split4	0.82	0.66	0.73	0.78
mixed	regroom	BERT	split5	0.91	0.88	0.9	0.91
mixed	regroom	BERT	split6	0.9	0.93	0.92	0.93
mixed	regroom	BERT	split7	0.86	0.96	0.91	0.93
mixed	regroom	BERT	split8	0.92	0.95	0.93	0.94
mixed	regroom	BERT	split9	0.89	0.91	0.9	0.91
mixed	cmv	features	split0	0.58	0.44	0.5	0.63
mixed	cmv	features	split1	0.67	0.4	0.5	0.65
mixed	cmv	features	split2	0.64	0.78	0.71	0.76
mixed	cmv	features	split3	0.8	0.44	0.57	0.69
mixed	cmv	features	split4	0.55	0.46	0.5	0.63
mixed	cmv	features	split5	0.82	0.69	0.75	0.81
mixed	cmv	features	split6	0.58	0.52	0.55	0.68
mixed	cmv	features	split7	0.67	0.56	0.61	0.7
mixed	cmv	features	split8	0.75	0.58	0.65	0.71
mixed	cmv	features	split9	0.64	0.57	0.6	0.68
mixed	cmv	BoW	split0	0.71	0.4	0.51	0.66
mixed	cmv	BoW	split1	0.4	0.32	0.36	0.52
mixed	cmv	BoW	split2	0.53	0.78	0.63	0.68
mixed	cmv	BoW	split3	0.62	0.56	0.59	0.67
mixed	cmv	BoW	split4	0.38	0.42	0.4	0.53
mixed	cmv	BoW	split5	0.67	0.54	0.6	0.69
mixed	cmv	BoW	split6	0.52	0.71	0.6	0.68
mixed	cmv	BoW	split7	0.57	0.52	0.54	0.65
mixed	cmv	BoW	split8	0.79	0.35	0.49	0.62
mixed	cmv	BoW	split9	0.67	0.57	0.62	0.69
mixed	cmv	feedforwardNN	split0	0.53	0.68	0.6	0.65
mixed	cmv	feedforwardNN	split1	0.65	0.44	0.52	0.66
mixed	cmv	feedforwardNN	split2	0.61	0.83	0.7	0.75
mixed	cmv	feedforwardNN	split3	0.68	0.56	0.61	0.7
mixed	cmv	feedforwardNN	split4	0.47	0.71	0.57	0.61
mixed	cmv	feedforwardNN	split5	0.59	0.85	0.7	0.72
mixed	cmv	feedforwardNN	split6	0.43	0.57	0.49	0.6
mixed	cmv	feedforwardNN	split7	0.45	0.4	0.43	0.56
mixed	cmv	feedforwardNN	split8	0.71	0.65	0.68	0.72
mixed	cmv	feedforwardNN	split9	0.63	0.61	0.62	0.68
mixed	cmv	BERT	split0	0.81	0.88	0.85	0.88
mixed	cmv	BERT	split1	0.75	0.96	0.84	0.86
mixed	cmv	BERT	split2	0.83	0.87	0.85	0.89
mixed	cmv	BERT	split3	0.8	0.89	0.84	0.86
mixed	cmv	BERT	split4	0.51	0.79	0.62	0.66
mixed	cmv	BERT	split5	0.8	0.77	0.78	0.83
mixed	cmv	BERT	split6	0.54	0.71	0.61	0.7
mixed	cmv	BERT	split7	0.66	0.84	0.74	0.77
mixed	cmv	BERT	split8	0.85	0.74	0.79	0.82
mixed	cmv	BERT	split9	0.86	0.89	0.88	0.89
mixed	europolis	features	split0	0.64	0.32	0.43	0.58
mixed	europolis	features	split1	0.65	0.49	0.56	0.7
mixed	europolis	features	split2	0.44	0.41	0.42	0.62
mixed	europolis	features	split3	0.67	0.46	0.55	0.66
mixed	europolis	features	split4	0.7	0.43	0.54	0.68
mixed	europolis	features	split5	0.62	0.34	0.44	0.62
mixed	europolis	features	split6	0.64	0.37	0.47	0.61
mixed	europolis	features	split7	0.68	0.33	0.45	0.62
mixed	europolis	features	split8	0.66	0.35	0.46	0.63
mixed	europolis	features	split9	0.71	0.33	0.45	0.63
mixed	europolis	BoW	split0	0.68	0.21	0.32	0.53
mixed	europolis	BoW	split1	0.79	0.28	0.42	0.63
mixed	europolis	BoW	split2	0.6	0.27	0.37	0.62
mixed	europolis	BoW	split3	0.66	0.29	0.4	0.59
mixed	europolis	BoW	split4	0.79	0.32	0.45	0.64
mixed	europolis	BoW	split5	0.62	0.17	0.27	0.53
mixed	europolis	BoW	split6	0.57	0.24	0.33	0.54
mixed	europolis	BoW	split7	0.79	0.17	0.29	0.54
mixed	europolis	BoW	split8	0.73	0.18	0.29	0.55
mixed	europolis	BoW	split9	0.58	0.23	0.33	0.55
mixed	europolis	feedforwardNN	split0	0.56	0.56	0.56	0.62
mixed	europolis	feedforwardNN	split1	0.54	0.62	0.58	0.68
mixed	europolis	feedforwardNN	split2	0.45	0.68	0.55	0.66
mixed	europolis	feedforwardNN	split3	0.56	0.62	0.59	0.66
mixed	europolis	feedforwardNN	split4	0.49	0.85	0.62	0.63
mixed	europolis	feedforwardNN	split5	0.53	0.68	0.59	0.66
mixed	europolis	feedforwardNN	split6	0.57	0.47	0.52	0.62
mixed	europolis	feedforwardNN	split7	0.53	0.49	0.51	0.62
mixed	europolis	feedforwardNN	split8	0.58	0.47	0.52	0.65
mixed	europolis	feedforwardNN	split9	0.45	0.57	0.5	0.58
mixed	europolis	BERT	split0	0.71	0.62	0.66	0.72
mixed	europolis	BERT	split1	0.63	0.79	0.7	0.77
mixed	europolis	BERT	split2	0.57	0.7	0.63	0.74
mixed	europolis	BERT	split3	0.73	0.75	0.74	0.79
mixed	europolis	BERT	split4	0.47	0.33	0.39	0.56
mixed	europolis	BERT	split5	0.67	0.71	0.69	0.76
mixed	europolis	BERT	split6	0.69	0.68	0.68	0.74
mixed	europolis	BERT	split7	0.66	0.68	0.67	0.74
mixed	europolis	BERT	split8	0.73	0.77	0.75	0.8
mixed	europolis	BERT	split9	0.73	0.52	0.61	0.72
